OBJECTID,GEO_ID_TRT,TRACT_LBL,E19001001,M19001001,E19001002,M19001002,E19001003,M19001003,E19001004,M19001004,E19001005,M19001005,E19001006,M19001006,E19001007,M19001007,E19001008,M19001008,E19001009,M19001009,E19001010,M19001010,E19001011,M19001011,E19001012,M19001012,E19001013,M19001013,E19001014,M19001014,E19001015,M19001015,E19001016,M19001016,E19001017,M19001017
1,53033000100,Tract 000100,3899,175,372,128,204,83,251,136,237,116,215,92,48,45,284,114,164,115,140,77,364,120,216,116,499,150,301,121,98,66,220,87,286,92
2,53033000200,Tract 000200,3693,146,231,110,64,49,99,77,82,74,95,66,81,58,163,89,75,52,138,83,519,165,468,144,541,136,379,127,263,94,279,119,216,95
3,53033000300,Tract 000300,1159,68,20,22,36,41,30,29,9,16,26,30,76,67,31,29,31,29,69,63,109,55,109,60,89,42,142,68,135,51,121,57,126,60
4,53033000401,Tract 000401,3842,158,341,118,522,185,114,80,328,124,416,171,358,147,231,102,106,80,126,92,169,103,194,90,340,143,197,88,91,70,132,65,177,100
5,53033000402,Tract 000402,2373,140,68,68,39,42,76,59,159,105,66,68,86,68,92,51,106,70,125,95,151,78,233,127,347,131,257,119,72,57,181,109,315,133
6,53033000500,Tract 000500,1268,74,36,27,27,23,9,14,28,25,22,22,42,33,29,22,28,25,11,16,37,30,66,34,74,49,127,51,120,53,172,63,440,89
7,53033000600,Tract 000600,3431,142,122,61,101,83,134,97,122,84,158,100,86,59,113,66,295,126,176,106,283,114,299,130,506,175,223,110,279,121,396,146,138,77
8,53033000700,Tract 000700,2249,130,175,85,65,49,89,61,45,45,54,45,64,43,115,72,167,97,141,77,219,103,168,92,299,112,258,137,19,30,159,78,212,89
9,53033000800,Tract 000800,1116,33,42,38,10,16,50,50,10,17,0,12,23,25,21,23,33,30,54,34,11,16,104,45,163,67,119,49,122,56,108,51,246,75
10,53033000900,Tract 000900,861,58,25,20,7,10,7,10,5,7,15,16,15,15,43,26,21,19,14,10,11,12,53,31,86,31,84,38,76,36,132,40,267,58
11,53033001000,Tract 001000,769,38,40,26,18,13,26,18,25,24,39,34,59,33,6,9,6,8,15,14,80,35,28,20,79,30,76,33,77,32,104,36,91,37
12,53033001100,Tract 001100,1039,76,37,28,51,37,8,12,5,9,48,48,15,17,0,12,52,39,55,47,67,54,142,72,120,45,118,59,68,35,130,52,123,49
13,53033001200,Tract 001200,3762,219,505,210,295,154,164,98,386,170,108,70,163,110,108,72,115,82,214,130,313,127,207,119,501,151,304,113,113,65,161,90,105,56
14,53033001300,Tract 001300,2333,124,145,74,166,92,30,34,204,129,34,53,132,72,27,32,57,69,100,75,151,84,249,130,369,131,148,84,102,67,125,85,294,127
15,53033001400,Tract 001400,2386,95,118,93,36,41,62,55,131,73,18,27,29,36,69,54,87,70,34,40,176,95,318,112,223,91,175,83,252,92,261,152,397,150
16,53033001500,Tract 001500,1147,46,36,29,19,22,8,13,15,25,9,14,20,22,36,42,6,11,40,29,77,42,104,54,186,77,95,47,140,65,117,53,239,75
17,53033001600,Tract 001600,1873,74,54,35,43,46,62,60,48,40,36,28,48,51,40,29,13,18,0,12,78,39,158,63,151,51,170,60,165,91,230,79,577,106
18,53033001701,Tract 001701,2016,122,203,114,59,69,78,56,45,59,52,49,63,51,59,47,92,64,93,51,98,47,314,114,309,114,151,84,234,98,110,59,56,35
19,53033001702,Tract 001702,2356,100,114,81,128,86,77,53,56,45,14,23,84,81,135,98,44,42,84,56,78,62,331,129,256,106,384,194,115,63,286,107,170,94
20,53033001800,Tract 001800,2311,120,71,58,56,48,80,80,0,17,89,86,117,97,18,32,19,30,57,51,72,51,223,108,349,141,350,144,295,116,371,145,144,74
21,53033001900,Tract 001900,2286,86,105,59,25,22,56,37,84,55,53,34,55,37,25,23,61,32,84,45,221,88,217,77,308,93,174,58,231,72,270,83,317,82
22,53033002000,Tract 002000,1648,81,75,38,57,42,30,27,24,26,50,50,75,51,37,34,44,36,29,23,54,34,150,65,208,68,157,63,148,60,251,62,259,78
23,53033002100,Tract 002100,1771,77,61,37,75,57,11,17,27,24,39,27,18,21,25,17,56,52,69,52,99,50,123,58,225,78,167,53,119,58,338,96,319,99
24,53033002200,Tract 002200,2338,104,51,59,46,42,27,32,48,46,38,36,32,35,92,58,105,60,60,41,150,89,101,74,142,67,246,95,138,73,212,88,850,156
25,53033002400,Tract 002400,1295,58,30,27,19,21,17,19,0,12,45,35,26,24,45,32,52,37,25,19,54,34,121,48,117,55,135,58,151,50,129,52,329,72
26,53033002500,Tract 002500,1318,55,84,53,52,26,54,37,34,25,16,18,49,38,21,22,57,72,27,24,8,12,58,38,95,44,152,65,121,51,202,66,288,88
27,53033002600,Tract 002600,1946,95,81,60,60,50,25,23,59,33,44,30,0,17,37,30,38,29,34,28,105,76,166,69,158,63,260,81,226,74,319,87,334,77
28,53033002700,Tract 002700,2459,64,90,88,42,49,47,65,63,63,0,17,86,71,31,31,65,45,47,42,83,44,112,66,186,82,338,150,166,76,320,123,783,155
29,53033002800,Tract 002800,2160,135,20,28,0,12,33,38,59,47,84,58,52,39,17,29,73,63,0,12,75,58,241,124,204,109,242,133,317,141,268,103,475,120
30,53033002900,Tract 002900,1967,79,53,35,84,80,17,20,27,25,52,31,71,41,0,12,87,68,42,27,109,65,173,79,130,60,195,79,221,86,261,77,445,99
31,53033003000,Tract 003000,2627,72,89,54,44,45,20,23,65,55,60,53,101,62,76,61,105,56,16,25,216,95,157,86,323,134,294,113,327,120,326,137,408,132
32,53033003100,Tract 003100,2778,83,50,41,50,46,59,55,37,40,46,51,154,89,57,51,0,17,55,50,82,56,176,89,340,107,308,111,322,155,425,126,617,136
33,53033003200,Tract 003200,4402,207,213,136,135,87,92,77,57,43,84,116,58,58,59,56,167,135,277,151,275,136,450,154,677,206,400,164,385,176,458,157,615,173
34,53033003300,Tract 003300,3382,182,37,41,66,58,40,42,43,43,52,47,88,64,76,93,45,37,42,41,179,89,416,139,379,123,326,118,406,153,395,118,792,154
35,53033003400,Tract 003400,1560,56,13,20,38,35,39,30,10,15,10,15,50,35,11,17,45,38,52,44,190,80,181,83,88,61,210,66,134,53,201,64,288,74
36,53033003500,Tract 003500,1921,88,137,67,39,44,15,18,33,25,42,31,63,38,52,38,68,37,96,63,98,43,166,66,179,62,253,81,129,69,191,62,360,59
37,53033003600,Tract 003600,3745,221,295,203,194,87,177,94,74,73,49,46,82,58,63,52,83,55,128,77,325,140,229,89,577,171,331,137,279,115,406,124,453,131
38,53033003800,Tract 003800,915,52,19,15,33,21,28,29,11,14,23,19,18,16,0,12,7,11,0,12,91,34,66,28,99,38,63,25,91,40,151,39,215,54
39,53033003900,Tract 003900,1202,48,27,27,41,48,19,19,29,26,30,24,71,52,28,25,7,11,40,30,47,32,77,43,175,64,36,31,68,36,149,49,358,66
40,53033004000,Tract 004000,1396,77,107,57,25,21,10,17,58,50,11,16,96,64,44,32,74,50,58,34,50,37,109,46,122,53,80,37,85,53,189,80,278,65
41,53033004100,Tract 004100,2957,168,85,61,33,37,69,47,54,51,39,45,64,76,16,26,76,54,17,28,156,78,86,67,189,80,99,64,197,86,494,151,1283,149
42,53033004200,Tract 004200,3370,119,67,80,89,67,17,27,17,26,69,54,30,44,57,52,33,38,52,59,128,69,226,93,495,138,349,137,316,112,353,110,1072,173
43,53033004301,Tract 004301,1458,72,98,52,88,65,47,27,68,55,55,34,39,29,17,19,9,15,45,41,72,54,125,49,88,44,204,64,55,39,100,47,348,81
44,53033004302,Tract 004302,1594,134,432,113,170,74,87,43,59,40,24,26,113,72,100,50,107,59,32,29,115,52,89,52,142,70,63,40,21,20,17,20,23,31
45,53033004400,Tract 004400,2757,134,342,128,90,60,169,109,54,41,171,97,104,71,127,61,124,94,44,43,127,69,205,109,194,124,216,112,146,102,350,111,294,124
46,53033004500,Tract 004500,1027,71,20,23,19,23,0,12,41,30,36,34,36,46,0,12,16,17,7,11,43,32,110,51,149,68,150,72,78,48,82,43,240,58
47,53033004600,Tract 004600,1420,87,9,14,10,15,29,28,0,12,33,26,0,12,23,20,32,26,54,35,53,32,77,44,283,97,67,38,128,58,196,65,426,83
48,53033004700,Tract 004700,5721,268,165,111,176,100,250,151,82,75,82,72,111,94,91,78,105,86,227,226,204,164,737,205,1001,343,873,279,499,174,318,202,800,220
49,53033004800,Tract 004800,2212,149,47,44,11,17,24,28,30,34,61,51,61,48,16,26,118,86,37,37,129,71,119,76,259,87,360,129,214,83,254,90,472,133
50,53033004900,Tract 004900,3654,199,117,67,47,51,0,17,13,22,70,55,107,67,136,96,145,110,116,68,278,118,369,129,601,186,294,141,463,135,324,131,574,170
51,53033005000,Tract 005000,1994,184,86,48,39,35,49,45,34,39,74,61,24,26,64,54,73,55,28,32,151,122,158,78,288,112,186,107,234,99,212,94,294,102
52,53033005100,Tract 005100,1711,85,95,49,9,14,52,46,15,18,10,16,62,46,64,33,13,15,67,41,70,37,122,49,191,70,152,60,149,66,231,58,409,77
53,53033005200,Tract 005200,3075,219,845,186,117,67,50,49,161,122,85,59,156,89,93,98,136,79,81,66,229,115,308,138,157,88,178,84,103,61,122,65,254,91
54,53033005301,Tract 005301,3085,203,1037,220,312,108,127,72,246,103,102,64,221,133,102,87,198,122,65,55,167,109,124,76,156,83,195,112,16,25,17,27,0,17
55,53033005302,Tract 005302,117,30,63,26,12,11,8,9,0,17,14,18,4,6,13,17,0,17,0,17,0,17,3,6,0,17,0,17,0,17,0,17,0,17
56,53033005400,Tract 005400,3291,151,83,67,17,27,61,99,11,18,84,59,17,27,131,101,229,147,61,58,187,92,369,128,363,191,340,123,340,139,539,167,459,133
57,53033005600,Tract 005600,2763,131,54,50,20,32,36,40,38,42,82,67,0,17,37,41,16,25,63,47,111,69,186,102,109,60,178,93,281,102,526,141,1026,175
58,53033005700,Tract 005700,2856,147,31,34,49,55,117,67,59,49,0,17,36,41,18,28,134,78,60,52,156,86,203,105,242,122,370,149,238,79,399,108,744,173
59,53033005801,Tract 005801,2747,159,0,17,10,17,76,51,149,74,118,79,88,69,82,57,123,76,137,72,111,61,244,96,507,145,423,128,172,80,282,106,225,82
60,53033005802,Tract 005802,3037,204,83,71,36,38,107,67,32,38,104,88,82,55,126,96,111,74,205,99,366,135,394,145,353,150,200,105,278,118,269,116,291,115
61,53033005900,Tract 005900,2773,131,49,48,54,56,30,34,119,78,0,17,28,33,130,86,14,24,111,91,239,137,169,85,266,114,322,130,113,69,262,103,867,154
62,53033006000,Tract 006000,2650,158,16,27,48,52,33,37,17,28,81,64,16,26,34,38,84,63,88,92,146,70,218,118,378,132,330,109,291,148,224,97,646,146
63,53033006100,Tract 006100,2962,178,28,33,48,49,0,17,57,54,30,34,50,47,74,57,146,118,69,61,182,89,305,141,406,153,323,146,302,136,329,139,613,144
64,53033006200,Tract 006200,1665,35,16,16,0,12,23,22,6,10,29,43,0,12,29,28,24,28,11,17,25,27,89,54,156,64,116,47,193,63,188,69,760,99
65,53033006300,Tract 006300,2705,148,32,38,36,40,38,42,55,51,97,62,64,51,102,66,37,41,106,102,142,78,76,57,289,96,181,84,191,95,247,115,1012,181
66,53033006400,Tract 006400,1369,37,61,57,12,17,0,12,0,12,9,16,11,16,42,27,40,31,17,15,43,32,92,57,127,58,56,39,148,55,159,71,552,91
67,53033006500,Tract 006500,2560,139,16,26,16,26,105,68,43,41,47,42,47,43,29,33,48,36,94,61,176,75,266,131,376,147,241,94,151,86,277,95,628,119
68,53033006600,Tract 006600,2341,152,62,51,0,12,54,46,0,12,66,52,29,31,29,33,75,64,91,68,185,110,233,104,292,131,258,124,163,84,384,136,420,140
69,53033006700,Tract 006700,5115,239,58,62,0,17,25,42,39,67,52,59,155,100,46,54,92,92,166,107,345,165,413,176,698,329,758,276,531,258,1112,351,625,303
70,53033006800,Tract 006800,1442,86,20,21,11,17,8,14,31,40,8,12,32,26,66,52,8,12,0,12,114,56,133,56,213,75,158,66,136,49,156,59,348,76
71,53033006900,Tract 006900,2313,90,80,62,48,45,0,17,47,44,18,29,0,17,58,47,55,53,88,58,116,79,138,78,293,103,213,93,207,114,203,96,749,131
72,53033007000,Tract 007000,5104,249,222,119,191,151,79,76,138,101,241,168,234,130,367,199,267,116,129,88,347,169,346,164,644,222,611,205,405,148,212,123,671,161
73,53033007100,Tract 007100,3222,164,206,96,38,46,17,27,99,84,0,17,114,75,41,46,102,99,124,78,203,124,245,116,893,208,252,102,179,104,233,104,476,186
74,53033007200,Tract 007200,6672,391,361,220,164,138,49,77,340,239,317,214,143,97,196,124,73,82,115,145,218,141,262,148,720,257,750,247,565,259,1028,312,1371,348
75,53033007300,Tract 007300,4850,268,442,165,154,99,64,47,170,136,266,139,91,59,167,107,162,104,69,59,211,95,291,156,321,130,842,250,395,180,491,183,714,169
76,53033007401,Tract 007401,3842,143,180,142,23,36,139,111,174,96,189,95,170,105,103,75,54,44,153,90,413,152,395,138,476,144,331,110,355,122,415,157,272,133
77,53033007402,Tract 007402,3699,201,247,118,148,84,168,107,241,117,253,140,205,102,190,127,105,60,162,128,229,106,301,132,528,162,326,138,211,108,222,104,163,71
78,53033007500,Tract 007500,6221,162,491,218,492,226,118,105,104,88,87,80,169,105,321,154,146,105,77,73,527,211,806,308,879,362,490,207,495,215,593,212,426,191
79,53033007600,Tract 007600,2273,96,131,106,61,62,76,75,33,40,19,23,73,65,48,39,125,90,149,87,128,76,203,86,245,106,348,143,150,83,127,66,357,102
80,53033007700,Tract 007700,2450,117,31,33,78,111,20,32,22,35,27,39,47,37,112,69,28,34,20,31,113,101,293,109,344,128,226,107,212,93,327,102,550,140
81,53033007800,Tract 007800,2304,95,89,75,39,44,0,17,25,37,32,54,94,75,51,48,0,17,40,37,57,47,121,82,83,64,159,80,246,121,185,90,1083,181
82,53033007900,Tract 007900,3430,168,328,137,157,84,70,58,74,60,179,80,150,94,94,69,151,108,45,44,152,91,232,94,372,134,384,174,270,113,252,124,520,165
83,53033008001,Tract 008001,4872,367,340,176,209,212,63,72,153,114,58,69,127,106,148,110,82,67,87,82,163,134,262,145,464,225,271,139,743,284,499,193,1203,375
84,53033008002,Tract 008002,2566,180,433,164,226,111,56,49,25,39,39,38,124,107,11,17,133,97,53,51,164,103,162,102,232,99,202,122,171,99,180,82,355,122
85,53033008100,Tract 008100,2805,243,353,156,159,79,134,86,128,110,70,58,108,79,87,76,48,46,16,25,181,112,131,79,249,104,244,144,224,93,180,81,493,140
86,53033008200,Tract 008200,2855,228,352,156,57,45,47,45,147,95,34,40,53,44,122,97,14,23,95,88,140,102,249,122,292,115,196,90,268,113,262,146,527,147
87,53033008300,Tract 008300,2138,127,190,91,103,73,119,97,79,57,46,37,59,59,63,43,93,62,34,32,202,86,141,62,258,114,217,76,194,107,139,66,201,75
88,53033008400,Tract 008400,3345,281,173,81,62,51,169,97,121,76,125,87,178,129,307,179,109,65,184,127,207,115,236,151,418,172,280,141,250,113,279,139,247,94
89,53033008500,Tract 008500,1865,119,197,75,120,36,71,46,106,63,98,58,79,56,44,28,115,87,99,61,161,75,178,81,144,69,153,74,79,43,113,59,108,45
90,53033008600,Tract 008600,2308,192,385,142,205,108,158,70,80,79,48,42,32,38,55,52,93,68,58,71,197,101,336,155,214,104,105,72,130,66,17,27,195,83
91,53033008700,Tract 008700,1851,102,74,57,89,65,68,62,125,59,74,64,62,57,15,23,36,23,52,60,173,72,115,60,152,62,179,60,186,68,237,85,214,69
92,53033008800,Tract 008800,1671,70,48,52,66,56,18,21,52,51,35,30,33,43,18,22,50,38,35,42,44,46,98,52,240,80,183,78,181,87,245,78,325,76
93,53033008900,Tract 008900,2498,130,54,74,78,77,60,49,63,89,54,42,136,87,17,27,85,68,15,23,111,77,151,77,444,158,308,145,230,148,209,93,483,140
94,53033009000,Tract 009000,1798,102,280,87,127,59,98,55,130,76,100,65,99,60,59,58,16,18,56,40,106,69,118,56,124,55,189,68,28,27,185,73,83,56
95,53033009100,Tract 009100,1569,122,292,94,81,34,111,80,106,79,99,48,99,57,70,54,130,76,42,37,99,67,79,59,59,45,87,52,48,41,100,65,67,55
96,53033009200,Tract 009200,1895,123,431,123,278,84,203,93,71,61,98,58,99,44,59,52,49,25,78,58,83,50,84,60,131,78,85,57,22,21,11,18,113,52
97,53033009300,Tract 009300,1195,75,61,32,6,10,15,17,0,12,30,24,52,41,31,21,56,45,59,38,82,41,119,46,146,56,127,53,128,50,74,40,209,66
98,53033009400,Tract 009400,2941,106,391,155,242,102,84,91,39,40,112,73,47,42,84,54,61,57,205,133,131,76,354,155,287,115,277,124,164,90,245,100,218,100
99,53033009500,Tract 009500,2697,129,250,144,24,37,47,34,83,62,95,97,68,62,102,73,150,109,83,60,85,61,203,122,207,111,212,106,115,62,308,127,665,147
100,53033009600,Tract 009600,2849,133,56,52,40,39,236,116,78,86,169,116,15,26,56,46,129,104,29,34,150,78,182,97,240,129,175,79,153,74,508,165,633,156
101,53033009701,Tract 009701,3119,111,70,57,16,26,55,52,90,61,117,94,66,54,14,24,122,97,107,67,157,78,354,161,275,115,279,137,247,126,578,143,572,130
102,53033009702,Tract 009702,2339,116,66,70,16,26,29,32,93,77,35,40,111,73,69,60,45,41,44,40,62,48,105,87,162,84,376,125,249,98,392,120,485,122
103,53033009800,Tract 009800,3165,145,40,39,51,46,94,66,79,60,31,35,16,25,68,54,38,44,146,97,333,124,202,92,312,120,359,128,173,88,569,157,654,195
104,53033009900,Tract 009900,3096,129,89,86,19,29,78,74,94,88,86,80,20,32,139,107,141,82,107,69,329,144,356,126,424,179,375,174,227,93,352,152,260,100
105,53033010001,Tract 010001,1639,94,159,78,76,47,75,68,41,38,42,29,74,70,62,69,58,55,101,76,97,53,160,88,187,69,108,58,123,63,142,60,134,64
106,53033010002,Tract 010002,1860,96,34,25,63,59,46,31,47,36,49,31,106,68,87,64,150,88,23,22,109,76,217,96,285,105,157,69,151,76,172,75,164,65
107,53033010100,Tract 010100,3185,147,188,104,192,147,125,77,122,114,117,82,48,48,144,99,105,111,157,105,100,93,167,93,227,95,301,114,303,98,424,151,465,143
108,53033010200,Tract 010200,1974,93,62,42,30,22,10,17,51,51,45,39,78,46,22,23,91,46,25,21,129,54,186,81,214,64,194,75,136,65,295,81,406,114
109,53033010300,Tract 010300,2825,169,360,176,40,37,153,133,7,12,110,67,148,104,103,71,55,55,21,32,248,124,285,134,275,115,266,118,322,120,172,79,260,95
110,53033010401,Tract 010401,1441,73,56,45,56,38,30,43,29,26,74,34,50,36,65,55,16,20,61,47,177,67,84,48,147,61,145,66,121,54,207,73,123,69
111,53033010402,Tract 010402,1747,89,60,41,74,66,62,61,24,27,116,72,53,40,38,33,61,39,59,46,80,46,192,81,357,96,172,73,165,61,134,64,100,50
112,53033010500,Tract 010500,4410,231,221,95,34,41,154,94,92,75,229,121,135,114,82,73,181,92,32,45,316,149,440,162,625,212,432,168,357,150,528,200,552,160
113,53033010600,Tract 010600,3730,163,104,95,33,37,136,104,49,46,102,68,49,45,32,36,184,112,55,52,205,91,458,137,341,117,572,130,363,113,363,120,684,152
114,53033010701,Tract 010701,1546,107,110,70,93,75,103,71,29,26,45,37,72,62,0,12,117,76,28,27,23,23,237,94,216,83,189,67,95,44,60,43,129,52
115,53033010702,Tract 010702,1600,63,146,87,118,73,145,84,128,81,25,29,90,69,59,33,71,67,69,44,52,51,72,61,70,34,174,77,74,43,176,67,131,60
116,53033010800,Tract 010800,1890,57,72,39,95,60,112,54,7,11,50,29,67,47,43,30,56,38,77,45,33,34,173,82,249,77,217,78,232,87,214,82,193,71
117,53033010900,Tract 010900,593,55,36,37,18,17,63,39,20,18,22,19,27,17,33,26,21,16,18,19,19,17,94,45,57,37,85,37,45,23,22,19,13,15
118,53033011001,Tract 011001,1647,79,297,106,164,86,140,87,68,43,79,45,131,82,71,70,27,24,48,52,78,55,119,60,81,45,98,55,93,50,64,38,89,41
119,53033011002,Tract 011002,1382,57,63,51,69,39,81,64,170,102,57,46,73,61,61,44,52,38,41,31,117,55,60,41,192,92,81,51,135,57,65,27,65,39
120,53033011101,Tract 011101,1913,84,122,79,71,65,188,94,40,32,53,38,43,35,143,81,94,62,77,60,264,119,133,56,252,98,110,49,89,48,140,70,94,46
121,53033011102,Tract 011102,1601,98,47,39,32,27,65,43,29,37,66,46,66,63,31,42,88,66,46,36,97,57,132,80,282,96,97,62,90,55,164,66,269,85
122,53033011200,Tract 011200,1436,94,134,76,81,62,79,55,85,84,111,74,83,70,57,45,58,59,35,30,191,103,97,56,182,84,108,62,63,42,52,30,20,23
123,53033011300,Tract 011300,3021,108,75,51,133,96,168,100,138,81,180,73,220,138,204,112,93,63,87,70,295,145,346,137,357,152,237,96,127,85,194,82,167,83
124,53033011401,Tract 011401,1782,100,130,66,32,26,42,33,19,20,91,81,71,38,63,51,57,45,99,72,128,61,253,79,272,93,230,78,150,64,93,49,52,37
125,53033011402,Tract 011402,1999,65,227,103,100,63,130,74,93,62,78,48,85,52,26,23,152,83,102,70,141,73,186,68,272,86,146,72,167,64,44,33,50,29
126,53033011500,Tract 011500,1984,82,20,21,45,51,21,22,41,50,81,70,38,30,77,42,45,32,144,71,116,56,92,42,274,84,151,54,279,89,284,94,276,77
127,53033011600,Tract 011600,3163,110,118,72,56,44,82,90,100,71,67,54,86,85,16,25,90,64,52,47,147,72,203,92,456,158,345,112,242,98,389,146,714,136
128,53033011700,Tract 011700,1642,117,85,74,102,68,12,22,35,26,57,54,66,58,10,16,33,38,65,45,69,41,139,82,363,133,141,59,226,92,176,63,63,52
129,53033011800,Tract 011800,2866,178,272,129,160,110,158,122,0,17,138,105,113,98,102,80,151,86,126,106,236,120,264,142,328,130,339,131,189,110,157,98,133,85
130,53033011900,Tract 011900,2587,153,54,53,172,148,93,82,36,42,17,28,113,96,47,56,48,46,150,100,144,67,151,85,328,114,406,166,159,88,423,183,246,105
131,53033012000,Tract 012000,1532,63,49,54,0,12,45,45,8,13,7,11,34,26,55,67,28,24,82,61,86,52,97,58,221,75,191,73,213,75,211,75,205,76
132,53033012100,Tract 012100,1181,67,8,12,11,16,21,19,21,19,35,25,22,23,0,12,27,23,49,32,81,60,97,47,133,49,144,52,78,41,142,56,312,69
133,53033020100,Tract 020100,1286,50,36,25,0,12,33,32,18,20,29,27,57,37,32,27,31,30,27,25,39,26,112,46,160,57,164,71,137,64,168,57,243,62
134,53033020200,Tract 020200,2134,105,167,103,23,25,39,31,85,52,96,54,116,77,40,38,59,52,34,35,103,67,190,86,267,102,180,86,131,65,267,99,337,117
135,53033020300,Tract 020300,3146,123,181,79,72,56,269,136,194,136,133,75,109,72,134,76,141,112,58,46,156,83,250,135,567,162,253,81,254,116,274,99,101,60
136,53033020401,Tract 020401,1475,66,35,31,78,61,60,46,16,20,8,12,42,41,39,36,71,44,83,51,110,50,253,119,223,71,153,53,92,44,145,61,67,45
137,53033020402,Tract 020402,2234,98,92,61,49,47,111,69,69,83,45,40,105,78,32,36,9,16,83,75,66,51,171,117,424,130,247,99,257,92,265,98,209,78
138,53033020500,Tract 020500,2844,115,215,133,73,57,197,122,53,49,120,102,126,72,65,73,130,77,89,82,186,100,188,97,353,151,495,180,164,91,273,110,117,68
139,53033020600,Tract 020600,1318,50,34,29,30,36,13,15,18,24,16,17,52,48,37,29,7,12,62,49,161,65,88,44,182,66,231,76,208,72,97,47,82,40
140,53033020700,Tract 020700,1508,69,53,39,72,43,102,76,38,34,22,19,68,49,0,12,46,36,70,60,92,57,197,87,211,85,184,73,111,63,156,59,86,47
141,53033020800,Tract 020800,1778,46,85,37,49,38,24,20,33,21,45,42,7,12,48,32,55,32,28,27,53,32,114,51,291,102,229,79,129,54,299,77,289,82
142,53033020900,Tract 020900,1411,72,27,21,102,61,54,35,46,41,22,23,27,24,48,51,37,30,40,43,126,54,83,45,120,51,171,77,123,52,212,80,173,71
143,53033021000,Tract 021000,2158,132,35,37,19,32,45,55,14,23,15,24,24,31,124,98,49,39,120,85,164,103,251,130,351,127,335,127,190,105,266,103,156,82
144,53033021100,Tract 021100,1590,56,69,44,38,38,44,46,122,66,43,35,78,42,23,27,30,28,47,34,51,36,133,63,336,91,213,68,110,59,144,59,109,52
145,53033021300,Tract 021300,1756,70,81,45,67,41,51,36,59,57,72,68,48,35,57,40,69,61,34,31,161,66,118,46,345,89,165,69,83,51,180,72,166,58
146,53033021400,Tract 021400,1450,77,9,15,11,16,46,44,17,18,0,12,46,36,28,24,66,47,18,18,39,30,126,47,243,67,129,56,170,67,188,61,314,75
147,53033021500,Tract 021500,1744,89,29,37,31,24,16,17,0,12,15,17,15,20,48,28,69,58,33,28,52,35,152,55,227,73,180,67,190,64,269,82,418,100
148,53033021600,Tract 021600,1849,106,46,39,18,20,8,13,19,22,69,51,51,31,95,56,60,38,95,45,49,37,82,46,162,65,164,56,289,99,265,68,377,100
149,53033021700,Tract 021700,3651,140,280,147,102,85,30,33,46,35,97,72,103,64,166,86,163,92,98,62,256,115,289,109,564,155,332,111,199,86,496,143,430,129
150,53033021802,Tract 021802,2279,102,64,53,86,67,60,55,18,30,87,62,81,60,29,36,39,46,56,74,89,61,244,125,333,124,299,108,247,117,385,148,162,85
151,53033021803,Tract 021803,2090,148,113,67,40,51,77,66,52,39,9,15,112,87,61,57,97,50,39,27,169,69,171,72,318,84,194,79,154,72,232,78,252,83
152,53033021804,Tract 021804,1945,146,139,62,53,75,0,17,48,43,28,24,159,96,28,34,68,45,71,51,187,83,125,88,154,77,243,95,285,89,195,79,162,74
153,53033021903,Tract 021903,2501,143,81,64,77,60,79,101,16,25,56,41,59,57,114,73,120,80,58,52,155,114,153,85,386,150,373,144,227,101,357,157,190,90
154,53033021904,Tract 021904,1793,97,68,51,24,23,65,55,51,45,68,35,34,26,35,24,43,45,95,65,91,46,52,36,291,85,223,68,166,63,216,73,271,77
155,53033021905,Tract 021905,2238,83,24,31,0,17,17,28,77,56,142,95,65,61,47,47,74,47,127,83,109,65,199,98,339,133,253,105,235,121,313,131,217,93
156,53033021906,Tract 021906,1717,86,55,46,37,30,23,24,0,12,64,59,106,73,80,74,30,27,41,37,83,60,120,59,240,91,234,82,84,42,192,64,328,95
157,53033022001,Tract 022001,2323,105,28,32,69,71,57,43,13,20,30,33,102,80,36,43,29,33,98,71,158,92,283,89,237,108,262,111,223,97,329,129,369,108
158,53033022003,Tract 022003,1933,95,48,39,0,17,28,23,34,27,35,27,25,19,15,17,21,22,114,68,113,71,143,57,261,76,403,112,283,83,302,87,108,56
159,53033022005,Tract 022005,2195,91,77,59,59,56,36,41,8,15,37,42,43,48,77,57,54,48,48,45,170,122,276,131,305,148,269,112,172,67,338,129,226,79
160,53033022006,Tract 022006,1747,88,46,34,36,46,30,28,44,57,12,19,44,59,152,100,9,14,91,52,77,40,190,76,224,105,175,68,195,62,187,82,235,78
161,53033022101,Tract 022101,1795,92,90,51,53,44,23,21,54,47,17,19,8,13,18,22,71,43,11,14,93,50,112,55,210,78,172,66,222,69,324,82,317,86
162,53033022102,Tract 022102,2384,132,84,59,26,21,0,17,18,30,61,57,32,36,20,31,32,35,13,22,106,58,259,97,273,107,234,92,326,121,349,118,551,135
163,53033022201,Tract 022201,1700,64,72,35,8,13,26,30,72,58,14,19,28,26,72,55,65,36,45,33,87,44,135,56,225,68,178,68,204,62,230,66,239,75
164,53033022202,Tract 022202,3401,159,172,92,98,91,36,41,16,26,125,90,55,51,35,39,115,70,94,105,205,122,191,105,437,151,479,145,479,139,526,202,338,129
165,53033022203,Tract 022203,1842,87,43,54,17,19,18,19,77,50,9,14,64,66,52,44,9,14,23,22,58,39,88,42,163,66,236,70,153,56,219,66,613,100
166,53033022300,Tract 022300,1056,65,28,23,17,21,8,12,8,13,0,12,8,13,6,9,14,16,25,23,26,24,64,42,123,49,59,35,77,43,134,68,459,82
167,53033022400,Tract 022400,3682,212,214,110,57,87,77,51,47,46,32,37,91,68,67,52,44,42,35,38,300,134,238,101,380,148,357,129,342,127,297,114,1104,190
168,53033022500,Tract 022500,3998,194,106,71,71,57,126,89,125,98,54,49,19,29,67,47,93,100,134,90,130,67,271,162,422,163,363,100,505,144,554,158,958,160
169,53033022603,Tract 022603,2499,94,72,57,0,17,59,90,103,106,194,119,39,43,57,51,58,52,92,67,119,76,135,72,326,159,280,117,238,106,404,156,323,99
170,53033022604,Tract 022604,1861,61,18,20,0,17,35,54,9,15,19,22,47,31,37,28,43,45,52,57,87,49,119,60,244,85,175,62,227,84,280,84,469,98
171,53033022605,Tract 022605,2595,107,129,96,101,67,0,17,17,26,56,59,46,44,43,42,38,45,49,47,157,96,230,111,404,143,361,142,252,140,284,121,428,111
172,53033022606,Tract 022606,2368,142,15,24,36,39,33,40,66,52,14,22,34,41,60,49,89,65,78,61,100,81,267,114,234,93,289,120,266,116,253,111,534,140
173,53033022701,Tract 022701,1615,99,40,36,46,31,68,47,29,25,32,24,31,27,7,11,19,20,11,18,68,61,99,38,152,58,122,54,211,79,243,72,437,90
174,53033022702,Tract 022702,1395,79,23,27,30,29,34,26,33,38,10,16,64,46,25,26,19,20,9,14,57,37,50,33,137,68,93,42,137,74,203,79,471,82
175,53033022703,Tract 022703,819,83,35,26,5,9,12,12,11,12,12,12,3,5,6,10,41,28,3,6,49,24,52,25,64,31,112,45,77,31,110,37,227,48
176,53033022801,Tract 022801,3950,159,96,61,100,54,104,106,89,92,98,89,68,45,77,63,68,60,82,82,139,91,520,218,491,172,519,146,288,125,488,192,723,165
177,53033022802,Tract 022802,2106,71,57,36,55,60,46,38,44,52,64,40,85,58,46,37,28,28,18,19,36,27,78,41,212,70,229,71,291,110,355,87,462,98
178,53033022803,Tract 022803,2479,181,93,67,22,36,73,59,30,33,54,90,107,95,29,34,46,46,16,22,96,85,118,76,181,109,353,149,215,100,424,150,622,170
179,53033022901,Tract 022901,1041,48,27,22,30,26,10,15,0,12,20,21,43,30,19,15,18,22,40,29,38,34,35,32,67,45,117,52,89,42,133,55,355,91
180,53033022902,Tract 022902,2409,154,48,37,16,25,0,17,12,19,67,50,16,25,15,23,34,43,37,35,63,62,142,110,262,111,204,103,175,85,520,135,798,147
181,53033023000,Tract 023000,2094,101,57,43,9,15,41,27,0,17,48,33,37,30,69,51,32,24,74,54,82,51,102,53,204,62,216,79,200,89,325,91,598,96
182,53033023100,Tract 023100,1437,58,14,17,24,22,14,16,3,7,56,34,8,13,43,46,30,23,12,13,98,47,107,51,150,71,192,77,148,66,253,82,285,76
183,53033023201,Tract 023201,2640,171,183,124,88,83,65,43,30,37,0,17,44,44,11,18,43,40,23,27,165,129,237,146,466,184,354,127,229,120,189,114,513,152
184,53033023202,Tract 023202,1876,96,145,78,61,52,133,73,28,28,58,51,116,62,76,61,184,84,77,64,78,47,190,95,290,89,134,62,93,50,124,59,89,50
185,53033023300,Tract 023300,2343,106,117,79,53,47,72,55,50,68,30,37,39,31,86,77,140,122,40,43,113,84,231,99,244,126,243,110,101,70,305,107,479,177
186,53033023401,Tract 023401,1569,67,123,65,10,16,84,50,51,55,28,25,16,20,49,50,38,47,68,65,98,44,143,60,213,70,141,62,171,66,146,66,190,62
187,53033023403,Tract 023403,1589,66,71,48,30,26,0,12,31,27,24,23,19,22,24,23,49,35,25,40,76,34,105,46,225,69,149,64,158,52,141,53,462,91
188,53033023404,Tract 023404,1182,79,38,32,11,16,21,33,0,12,14,12,0,12,8,12,15,17,35,29,27,25,60,36,128,57,105,58,96,43,256,68,368,71
189,53033023500,Tract 023500,1514,76,34,30,48,32,15,17,26,22,15,22,19,21,17,18,41,25,36,29,42,35,112,64,142,54,188,76,140,53,267,85,372,96
190,53033023601,Tract 023601,1786,68,19,21,50,47,30,28,78,41,44,35,38,32,25,23,85,52,83,55,157,73,85,45,126,64,275,103,91,52,264,77,336,90
191,53033023603,Tract 023603,2623,130,129,107,90,87,97,95,17,27,28,33,96,103,56,48,0,17,8,15,63,58,186,90,504,160,433,180,160,81,330,145,426,126
192,53033023604,Tract 023604,2639,140,191,115,62,53,130,87,155,96,82,86,32,35,16,24,101,103,94,67,260,123,264,138,251,107,242,127,138,74,295,106,326,116
193,53033023700,Tract 023700,1739,67,30,27,9,14,18,21,45,50,27,26,38,37,18,22,32,29,48,47,86,48,152,66,185,84,226,85,123,53,229,62,473,93
194,53033023801,Tract 023801,1358,94,10,15,31,26,29,27,36,30,9,14,43,31,79,56,25,27,33,30,103,77,84,42,179,75,130,64,162,61,143,66,262,88
195,53033023803,Tract 023803,3078,221,208,103,154,101,34,40,13,20,93,68,85,76,17,27,29,35,31,38,141,100,172,95,334,145,527,173,218,112,281,124,741,210
196,53033023804,Tract 023804,4426,277,188,107,73,59,76,55,66,64,59,53,31,35,90,62,138,105,109,67,116,81,274,121,584,183,577,175,367,152,617,231,1061,239
197,53033023900,Tract 023900,2820,145,146,111,100,88,16,24,17,22,90,76,35,36,16,23,4,5,18,27,58,51,129,71,278,116,256,114,163,80,335,107,1159,212
198,53033024000,Tract 024000,3361,153,80,65,100,75,53,51,78,69,87,61,75,61,59,56,62,52,31,35,99,60,166,104,252,102,370,176,400,170,397,120,1052,178
199,53033024100,Tract 024100,1708,58,40,23,19,15,20,14,10,9,19,16,10,10,22,18,9,10,31,19,59,21,55,23,129,35,81,24,41,20,187,40,976,67
200,53033024200,Tract 024200,1184,65,55,34,0,12,38,37,7,11,7,11,10,12,30,15,43,38,0,12,20,18,54,30,39,22,92,37,55,25,142,43,592,75
201,53033024300,Tract 024300,4031,179,313,151,127,123,120,88,37,42,95,84,87,77,108,67,46,34,93,84,197,93,200,99,327,120,379,153,365,156,406,157,1131,180
202,53033024400,Tract 024400,1355,101,34,23,24,39,29,45,22,27,29,25,48,48,35,29,59,53,46,34,49,37,119,60,231,69,155,80,116,50,18,21,341,89
203,53033024500,Tract 024500,1747,82,50,51,8,13,0,17,18,20,20,21,0,17,17,18,8,13,0,17,45,28,75,42,132,55,164,51,125,50,196,74,889,104
204,53033024601,Tract 024601,1645,76,53,30,0,12,20,23,46,32,18,21,28,26,9,15,0,12,0,12,29,26,32,25,81,50,149,61,139,55,212,70,829,101
205,53033024602,Tract 024602,1345,58,44,37,0,12,10,16,0,12,0,12,34,35,0,12,34,31,19,22,16,17,47,34,69,45,141,54,76,39,117,53,738,87
206,53033024701,Tract 024701,1404,100,63,42,25,27,19,23,18,19,21,23,39,31,55,45,85,60,55,62,49,35,94,56,201,81,144,63,169,71,180,66,187,58
207,53033024702,Tract 024702,2984,108,36,42,0,17,11,19,68,59,17,26,11,17,59,67,87,76,67,53,126,98,320,122,438,138,284,110,287,114,378,126,795,165
208,53033024800,Tract 024800,2164,148,65,49,46,42,35,56,81,58,56,49,0,17,111,71,80,86,57,64,111,88,207,106,298,148,247,115,213,107,318,141,239,114
209,53033024901,Tract 024901,1863,43,35,30,0,17,0,17,40,42,52,46,42,26,30,27,8,13,23,21,56,38,113,64,110,53,266,81,157,60,309,89,622,110
210,53033024902,Tract 024902,1335,78,11,18,0,12,16,19,8,13,13,15,27,23,35,26,0,12,13,15,92,62,71,36,93,44,134,53,102,48,277,75,443,94
211,53033024903,Tract 024903,2346,112,43,37,0,17,29,32,26,28,20,32,17,29,20,33,62,52,35,39,44,42,46,42,236,82,111,68,265,106,427,122,965,147
212,53033025001,Tract 025001,1927,69,49,30,0,17,9,14,0,17,70,57,70,36,84,55,59,39,10,15,93,55,85,43,218,71,220,86,189,64,360,97,411,80
213,53033025003,Tract 025003,2603,149,55,50,19,29,17,27,23,37,56,50,0,17,53,60,0,17,142,106,34,40,264,121,152,96,301,136,185,85,418,153,884,181
214,53033025005,Tract 025005,1981,118,48,44,24,22,0,17,43,37,58,44,75,54,22,20,0,17,50,43,74,41,176,69,260,85,201,61,140,73,235,58,575,96
215,53033025006,Tract 025006,2429,149,15,25,24,39,12,19,98,94,0,17,14,24,35,35,58,69,41,40,41,48,187,110,180,90,343,131,125,53,339,118,917,187
216,53033025101,Tract 025101,2129,107,110,86,13,22,0,17,97,86,37,56,25,28,72,77,0,17,56,39,139,80,195,102,425,137,257,120,47,44,271,114,385,111
217,53033025102,Tract 025102,2826,136,30,35,0,17,119,113,50,45,118,88,51,66,49,62,11,19,178,128,243,136,230,130,331,109,273,118,311,103,495,139,337,125
218,53033025200,Tract 025200,3311,98,113,82,86,47,190,119,48,38,33,38,55,42,125,79,76,55,25,35,139,65,353,151,414,130,402,127,408,132,415,128,429,129
219,53033025301,Tract 025301,3088,115,78,57,70,85,73,55,49,46,45,44,128,100,126,92,117,108,74,82,278,133,418,131,474,163,520,170,163,106,234,109,241,108
220,53033025302,Tract 025302,2739,161,215,96,182,125,243,140,154,112,241,136,122,98,69,76,65,50,127,91,198,88,265,124,238,124,305,111,66,49,118,55,131,70
221,53033025400,Tract 025400,3044,152,205,123,63,53,129,106,161,117,120,95,182,104,119,82,110,100,220,123,214,110,365,121,522,192,284,122,146,72,118,71,86,64
222,53033025500,Tract 025500,1963,83,119,77,25,23,95,66,60,38,86,70,87,49,71,65,138,92,88,59,157,71,211,100,247,77,300,111,65,49,143,79,71,43
223,53033025601,Tract 025601,1982,61,50,35,33,41,9,13,73,44,76,46,137,80,130,77,70,38,67,61,155,84,212,86,297,108,194,78,82,48,269,116,128,85
224,53033025602,Tract 025602,2113,103,37,40,0,17,0,17,21,33,25,24,32,33,18,24,54,60,67,55,177,106,196,95,318,115,269,108,200,76,393,123,306,127
225,53033025701,Tract 025701,2966,115,132,69,106,88,122,71,100,112,21,32,116,79,287,139,176,108,86,53,188,91,522,173,407,157,253,131,235,126,132,109,83,53
226,53033025702,Tract 025702,1271,55,7,11,18,18,15,17,30,29,9,13,29,43,44,45,41,45,25,24,75,41,85,50,254,70,223,83,143,66,156,68,117,52
227,53033025803,Tract 025803,1712,98,40,24,24,23,9,14,24,21,27,25,83,58,64,37,117,70,98,56,219,103,287,91,353,99,143,64,87,49,112,51,25,23
228,53033025804,Tract 025804,1142,98,15,17,9,14,18,20,43,32,35,25,63,52,65,41,53,36,62,43,72,44,101,59,179,74,184,84,78,49,133,59,32,25
229,53033025805,Tract 025805,2009,110,57,46,20,34,53,46,76,61,101,65,62,50,60,45,110,71,44,31,237,111,315,137,375,136,312,149,36,37,103,57,48,44
230,53033025806,Tract 025806,1827,103,73,57,28,28,27,24,40,32,47,25,69,49,57,39,29,26,89,70,131,80,165,73,343,107,193,91,163,68,211,82,162,70
231,53033026001,Tract 026001,2118,107,40,34,21,23,0,17,32,29,36,37,29,31,33,25,31,33,47,35,228,85,322,110,347,103,289,97,177,103,295,125,191,107
232,53033026002,Tract 026002,3061,155,136,109,321,188,90,76,155,128,144,95,71,76,129,81,150,104,129,100,340,164,229,107,365,141,428,149,98,56,171,104,105,66
233,53033026100,Tract 026100,2914,170,263,163,27,31,56,47,115,84,213,134,278,145,140,59,181,142,97,81,323,174,184,80,448,172,143,89,214,125,91,67,141,114
234,53033026200,Tract 026200,2243,145,198,101,42,33,139,105,116,99,52,83,40,40,75,57,159,120,103,85,213,102,322,114,215,90,279,159,58,55,110,83,122,90
235,53033026300,Tract 026300,547,50,8,11,26,20,14,15,6,9,36,24,15,16,18,15,23,25,20,20,54,36,53,31,94,40,58,35,58,28,44,30,20,16
236,53033026400,Tract 026400,2449,123,86,74,118,88,154,116,98,132,140,116,200,130,136,87,126,99,95,72,294,127,297,129,249,114,234,133,119,72,87,70,16,25
237,53033026500,Tract 026500,1509,78,107,80,255,119,42,45,95,64,127,76,96,75,42,26,56,49,94,71,129,73,138,69,72,47,99,55,44,31,72,51,41,36
238,53033026600,Tract 026600,913,44,21,18,30,27,32,42,25,28,33,38,18,14,25,38,75,46,25,26,45,29,135,54,73,38,121,50,97,48,117,49,41,31
239,53033026700,Tract 026700,1944,172,41,41,0,17,72,73,119,108,71,69,27,31,183,112,0,17,80,86,201,118,100,65,221,101,229,111,167,81,211,101,222,95
240,53033026801,Tract 026801,2159,142,137,102,159,134,114,99,79,62,133,105,114,96,108,84,137,75,129,95,199,107,89,96,282,149,117,81,121,100,164,121,77,43
241,53033026802,Tract 026802,1808,123,85,47,73,54,107,84,55,59,177,93,133,80,122,81,60,34,38,36,142,69,93,40,283,110,166,91,137,58,73,39,64,53
242,53033027000,Tract 027000,1171,59,15,18,102,62,17,18,49,41,53,52,56,45,93,49,45,41,47,42,164,65,64,39,107,56,189,76,78,40,60,32,32,30
243,53033027100,Tract 027100,1280,71,98,73,86,71,76,59,38,30,132,110,67,43,93,70,63,43,80,56,31,28,119,63,157,77,65,53,62,57,63,41,50,33
244,53033027200,Tract 027200,827,67,84,41,32,25,11,11,35,35,40,34,50,36,23,18,64,37,12,11,67,40,23,14,139,48,110,53,72,37,51,33,14,14
245,53033027300,Tract 027300,1831,95,83,62,22,16,72,57,0,17,172,96,27,27,125,71,105,57,177,68,194,82,156,72,319,97,208,81,68,44,96,57,7,11
246,53033027400,Tract 027400,1801,98,43,45,35,45,19,15,60,46,38,28,71,42,101,61,117,58,108,76,42,32,255,108,348,109,170,74,174,79,147,66,73,52
247,53033027500,Tract 027500,1751,102,48,30,81,53,64,47,61,44,111,68,119,80,107,59,96,52,69,51,93,46,306,79,189,79,228,70,108,57,31,24,40,26
248,53033027600,Tract 027600,1704,87,50,36,38,51,29,33,54,54,108,70,89,65,9,16,97,74,119,100,100,54,104,54,249,92,150,59,207,93,126,59,175,60
249,53033027701,Tract 027701,2166,189,62,74,159,104,118,91,61,77,0,17,203,113,102,66,108,89,56,57,70,53,174,94,180,67,122,73,245,98,298,93,208,93
250,53033027702,Tract 027702,2335,191,18,28,0,17,34,37,150,100,161,100,65,58,31,36,110,99,86,68,172,102,239,105,188,85,338,175,142,78,284,146,317,114
251,53033027800,Tract 027800,1413,60,41,26,8,12,7,11,15,17,17,22,32,25,41,42,43,31,18,19,147,71,109,58,227,76,137,65,152,64,164,58,255,80
252,53033027900,Tract 027900,3206,152,117,98,207,126,142,129,205,141,116,73,157,94,65,46,262,167,100,98,205,93,419,148,311,138,167,101,249,120,252,121,232,105
253,53033028000,Tract 028000,1604,63,126,66,75,48,35,45,111,59,84,48,34,33,58,41,118,72,167,71,191,78,157,80,147,69,99,50,115,72,36,28,51,32
254,53033028100,Tract 028100,813,45,64,41,7,10,45,31,30,33,54,32,45,30,42,37,13,13,34,27,32,24,142,56,147,53,34,35,112,56,5,8,7,11
255,53033028200,Tract 028200,1806,123,128,84,114,79,81,66,60,42,130,85,70,52,40,41,131,63,53,43,126,67,187,94,231,109,176,74,82,55,139,91,58,33
256,53033028300,Tract 028300,1958,109,60,45,0,17,18,23,58,54,16,19,84,70,54,42,116,78,46,32,166,87,105,53,476,142,259,79,236,94,163,65,101,46
257,53033028402,Tract 028402,1725,127,89,65,16,17,200,91,87,54,156,97,15,17,68,61,140,89,75,49,196,86,168,76,206,82,130,63,81,45,40,24,58,35
258,53033028403,Tract 028403,2105,142,100,77,57,47,22,27,158,138,98,61,232,144,190,103,107,66,140,77,248,130,177,104,124,98,265,127,67,59,75,46,45,46
259,53033028500,Tract 028500,1666,109,99,59,23,21,135,71,33,33,87,55,46,34,62,53,81,49,10,17,112,62,202,99,240,87,224,86,176,86,55,41,81,51
260,53033028600,Tract 028600,2837,206,78,90,13,21,120,89,71,76,87,100,93,76,180,102,59,51,89,59,274,117,177,104,344,115,279,129,153,76,374,120,446,119
261,53033028700,Tract 028700,1795,92,89,73,22,24,8,12,45,40,77,53,57,35,33,25,91,60,94,51,132,53,122,54,301,97,194,67,210,64,190,88,130,53
262,53033028801,Tract 028801,789,57,34,30,29,26,28,27,47,43,23,17,36,24,59,38,33,29,6,8,57,31,110,50,87,29,113,48,30,28,47,35,50,27
263,53033028802,Tract 028802,2272,142,114,88,81,90,63,52,159,107,103,104,51,61,80,62,263,146,104,75,138,83,348,152,313,158,125,77,138,80,42,41,150,77
264,53033028901,Tract 028901,1609,100,43,32,64,50,55,38,46,47,44,32,65,50,74,64,102,63,20,23,118,62,271,110,250,108,114,66,96,46,152,58,95,55
265,53033028902,Tract 028902,2451,193,97,76,47,47,50,48,133,109,50,55,325,162,127,84,120,101,209,107,364,164,243,151,208,114,213,95,75,52,129,93,61,44
266,53033029001,Tract 029001,2001,120,68,49,48,40,37,47,41,24,103,56,68,47,91,64,87,60,113,63,203,84,190,81,319,102,239,79,156,64,95,51,143,51
267,53033029003,Tract 029003,2008,146,104,71,115,114,31,35,143,101,183,127,41,38,118,75,31,34,194,95,212,126,230,102,97,57,204,105,187,93,65,63,53,43
268,53033029004,Tract 029004,1323,56,197,61,67,42,91,62,132,60,27,32,107,55,63,44,37,32,56,47,67,44,141,61,158,75,93,49,22,19,54,56,11,17
269,53033029101,Tract 029101,1134,84,22,25,20,29,0,12,38,31,36,34,36,39,12,18,85,47,59,59,110,72,122,59,138,62,158,58,97,45,128,64,73,44
270,53033029102,Tract 029102,1303,139,45,30,8,12,9,15,9,15,38,39,54,38,55,54,40,40,58,39,83,42,132,64,205,73,202,90,95,47,191,91,79,54
271,53033029203,Tract 029203,1295,91,137,77,169,87,99,64,64,45,67,77,10,15,106,82,9,14,44,53,132,59,156,90,159,75,67,35,52,36,12,18,12,18
272,53033029204,Tract 029204,2474,99,80,78,17,29,133,101,35,38,97,98,124,96,31,25,140,110,120,82,133,76,501,178,255,105,218,111,191,96,240,118,159,92
273,53033029205,Tract 029205,2025,94,60,61,9,22,62,66,76,64,120,78,60,52,117,86,116,95,92,67,173,88,296,116,337,101,264,110,114,81,95,63,34,33
274,53033029206,Tract 029206,1981,110,286,110,138,61,132,60,170,86,121,63,212,94,146,69,46,38,54,46,144,64,213,96,159,69,124,70,17,18,19,31,0,12
275,53033029303,Tract 029303,3050,144,105,69,229,130,68,60,57,55,132,84,158,104,55,46,95,70,123,76,298,164,411,161,496,163,257,106,177,115,221,111,168,98
276,53033029304,Tract 029304,1918,88,18,21,14,16,46,48,10,15,60,63,84,51,16,18,54,35,88,61,97,71,290,83,321,93,219,65,214,76,230,69,157,67
277,53033029305,Tract 029305,1346,97,0,12,28,36,47,43,16,19,11,17,12,19,22,26,41,30,16,19,105,77,127,74,161,66,237,95,164,82,240,74,119,63
278,53033029306,Tract 029306,1266,81,17,22,18,18,7,13,16,18,33,26,38,27,38,52,0,12,21,20,102,57,183,60,190,68,162,71,139,68,245,78,57,36
279,53033029307,Tract 029307,1281,70,10,16,15,17,0,12,40,42,8,13,5,9,88,53,78,55,9,16,50,32,147,64,172,70,148,53,189,68,170,71,152,58
280,53033029403,Tract 029403,1902,82,77,53,54,45,77,58,3,8,18,25,80,57,61,54,106,64,49,57,96,48,243,97,405,105,171,85,147,61,217,104,98,57
281,53033029405,Tract 029405,1750,65,0,17,0,17,8,12,34,32,97,71,9,15,60,46,29,38,46,33,113,42,313,98,311,113,181,64,258,84,174,72,117,53
282,53033029406,Tract 029406,1618,39,9,15,44,31,14,23,104,81,27,25,18,21,29,28,44,56,11,14,129,67,132,77,260,89,276,64,140,51,246,83,135,44
283,53033029407,Tract 029407,1570,73,149,69,84,54,90,53,63,47,26,32,95,57,120,82,74,69,40,36,208,104,102,48,186,75,180,65,63,49,72,53,18,20
284,53033029408,Tract 029408,1497,87,128,65,62,74,76,76,53,56,46,60,118,73,87,58,87,51,83,55,84,55,153,81,189,80,190,87,44,29,64,38,33,27
285,53033029502,Tract 029502,2140,122,74,69,0,17,20,32,14,23,15,23,60,42,54,46,90,71,31,31,308,136,181,114,273,124,444,152,224,103,129,81,223,104
286,53033029503,Tract 029503,2894,128,212,127,166,109,235,154,53,54,217,114,201,108,145,88,209,156,42,40,188,89,300,128,461,189,213,89,93,82,145,92,14,23
287,53033029504,Tract 029504,2005,173,181,126,31,40,124,116,215,164,66,58,92,74,77,63,152,117,150,86,222,127,162,100,183,115,175,99,93,74,12,21,70,54
288,53033029601,Tract 029601,2059,108,97,74,62,64,55,54,120,102,53,58,41,40,53,68,64,59,147,106,107,59,280,128,284,125,227,90,269,114,131,62,69,48
289,53033029602,Tract 029602,1940,102,29,25,0,17,29,37,44,42,17,17,6,9,38,42,12,13,65,52,48,35,176,87,195,60,335,96,232,86,445,101,269,89
290,53033029700,Tract 029700,2877,156,100,69,250,137,189,100,202,119,165,109,86,80,111,69,224,128,81,48,259,144,396,168,276,113,125,89,192,104,95,81,126,67
291,53033029801,Tract 029801,3115,87,29,33,77,81,17,26,165,111,137,97,209,120,72,48,149,114,174,112,242,120,500,200,296,144,205,107,195,103,281,145,367,138
292,53033029802,Tract 029802,3031,145,128,92,36,40,41,39,146,113,46,41,56,66,32,38,69,65,51,48,243,127,424,126,490,161,381,129,414,164,229,103,245,117
293,53033029901,Tract 029901,1543,97,38,39,24,26,10,16,10,17,63,42,21,18,26,24,29,25,77,50,117,81,254,80,237,82,251,86,186,62,166,82,34,25
294,53033029902,Tract 029902,1448,91,59,43,27,30,20,21,20,16,8,14,0,12,68,48,42,40,25,23,56,36,130,61,346,87,169,67,133,60,141,59,204,81
295,53033030003,Tract 030003,2397,116,54,64,0,17,152,87,27,29,143,100,104,93,132,115,65,52,53,49,247,105,394,139,399,215,310,112,158,97,69,48,90,47
296,53033030004,Tract 030004,3276,136,353,185,103,108,180,160,106,101,177,117,69,60,306,160,52,54,215,136,346,202,326,168,408,165,148,87,142,101,202,126,143,91
297,53033030005,Tract 030005,1875,56,62,48,78,60,11,18,89,61,127,83,66,44,167,85,37,34,79,56,193,80,236,82,253,81,243,82,114,50,120,64,0,17
298,53033030006,Tract 030006,1613,87,157,71,214,78,85,57,123,55,95,67,30,32,78,45,12,14,103,70,90,61,260,94,85,58,101,58,46,32,72,52,62,38
299,53033030100,Tract 030100,2959,112,62,54,66,72,15,25,72,72,56,49,156,113,130,101,215,137,32,38,169,98,228,116,298,126,394,123,420,146,214,98,432,127
300,53033030201,Tract 030201,1993,91,43,43,52,37,37,41,126,81,100,67,229,102,54,44,31,30,66,53,163,80,163,69,410,135,237,92,108,60,73,50,101,86
301,53033030202,Tract 030202,2474,134,114,74,113,88,116,107,37,67,128,93,45,40,99,65,91,67,79,66,328,133,287,128,433,159,91,72,231,103,236,118,46,55
302,53033030304,Tract 030304,1253,71,15,18,8,14,27,30,63,57,117,80,47,55,48,39,31,26,40,37,26,29,183,95,173,69,111,49,143,81,107,55,114,63
303,53033030305,Tract 030305,2073,112,197,121,105,70,25,31,50,55,33,30,88,60,36,40,166,87,97,69,157,97,180,118,172,96,233,111,220,103,171,95,143,95
304,53033030306,Tract 030306,1819,105,47,41,9,13,45,44,22,37,95,63,27,25,31,30,35,32,84,72,153,78,92,50,369,118,236,86,235,100,243,105,96,67
305,53033030308,Tract 030308,2392,76,34,41,31,34,71,73,75,93,100,89,35,34,76,72,228,137,117,73,222,102,313,133,319,129,360,150,212,100,81,70,118,81
306,53033030309,Tract 030309,2514,108,128,88,56,64,45,53,50,45,163,107,183,129,64,53,62,74,110,102,325,131,375,153,273,111,130,68,213,122,210,87,127,82
307,53033030310,Tract 030310,2086,70,24,30,8,13,26,23,73,54,6,9,91,63,65,56,59,34,44,35,233,110,286,113,368,122,269,101,116,53,292,97,126,57
308,53033030311,Tract 030311,1649,88,39,31,13,20,19,21,37,53,123,80,45,32,82,56,33,39,98,74,72,46,165,90,290,105,326,86,77,48,134,60,96,46
309,53033030312,Tract 030312,1767,89,64,58,99,54,46,43,69,58,136,77,41,35,24,25,126,82,87,52,144,69,211,95,270,127,257,99,84,41,65,46,44,36
310,53033030313,Tract 030313,1700,109,128,68,116,84,94,64,42,35,95,72,111,65,135,84,95,70,69,34,239,91,247,90,217,117,53,44,25,26,4,9,30,34
311,53033030314,Tract 030314,1956,105,322,128,143,112,73,59,51,57,57,45,81,47,226,98,154,105,32,28,121,69,198,98,204,90,143,89,58,38,53,54,40,37
312,53033030401,Tract 030401,3316,98,23,25,93,96,155,102,89,90,112,71,52,61,116,117,27,33,181,161,212,120,454,169,619,256,278,120,471,195,298,125,136,80
313,53033030403,Tract 030403,1758,87,40,35,62,70,69,61,35,39,71,56,72,50,82,44,104,79,54,40,81,40,126,65,311,109,208,79,136,55,122,55,185,86
314,53033030404,Tract 030404,1616,60,53,48,11,18,0,12,51,36,18,20,0,12,55,44,62,40,92,48,166,70,195,76,133,62,197,76,158,74,339,104,86,61
315,53033030501,Tract 030501,1004,90,200,77,110,50,74,38,52,36,53,37,89,40,18,15,64,34,20,16,80,46,95,41,86,38,18,16,12,13,17,17,16,16
316,53033030503,Tract 030503,2181,126,161,107,0,17,251,165,64,54,98,74,143,87,269,129,54,45,102,78,249,114,176,97,322,134,134,74,55,45,65,74,38,37
317,53033030504,Tract 030504,1977,86,154,91,88,52,84,52,29,25,66,51,166,92,104,74,60,50,91,55,134,70,319,106,310,97,154,70,107,55,54,26,57,41
318,53033030600,Tract 030600,2027,133,46,40,60,70,75,76,1,3,127,78,69,55,108,74,113,73,36,33,308,172,291,149,351,128,181,95,126,87,48,37,87,63
319,53033030700,Tract 030700,1633,73,93,63,118,62,122,63,29,29,116,68,69,53,120,70,49,44,95,63,181,80,161,76,243,89,91,57,92,71,21,21,33,29
320,53033030801,Tract 030801,2325,115,138,85,99,89,167,97,72,57,169,92,271,136,100,77,107,69,105,71,390,159,312,114,186,98,48,63,117,100,0,17,44,41
321,53033030802,Tract 030802,1372,92,128,69,35,39,45,35,72,52,86,44,16,19,133,74,65,51,86,53,121,55,103,43,163,61,149,65,69,43,91,65,10,18
322,53033030901,Tract 030901,1101,106,13,13,16,14,18,28,82,69,9,9,74,47,31,25,100,47,24,16,78,47,137,53,118,45,218,78,77,37,75,41,31,36
323,53033030902,Tract 030902,2090,154,43,43,0,17,65,55,5,10,182,114,134,94,130,86,167,108,137,90,183,104,341,164,160,93,284,124,157,108,52,54,50,53
324,53033031000,Tract 031000,1553,106,0,12,6,11,11,16,62,39,33,32,28,26,49,54,0,12,8,14,49,42,125,55,318,116,112,51,201,62,284,79,267,76
325,53033031100,Tract 031100,2748,85,92,31,140,53,64,31,122,50,86,33,87,41,118,40,111,88,61,29,288,114,470,154,390,139,237,100,173,98,264,134,45,33
326,53033031202,Tract 031202,2150,129,77,50,16,13,23,24,53,63,17,13,43,37,34,33,12,10,41,32,296,127,83,56,390,148,237,89,254,123,261,129,313,120
327,53033031204,Tract 031204,2301,111,0,17,13,22,0,17,16,26,65,63,47,56,92,83,128,86,155,78,163,76,196,119,340,126,231,92,276,98,271,126,308,118
328,53033031205,Tract 031205,2401,145,151,123,75,61,105,80,83,75,0,17,105,67,45,41,46,42,71,99,151,96,260,118,376,144,195,96,321,138,289,125,128,102
329,53033031206,Tract 031206,1779,72,49,34,25,39,18,15,60,59,116,66,25,20,64,48,159,84,103,67,130,77,127,55,328,110,271,100,104,51,139,67,61,40
330,53033031301,Tract 031301,938,61,47,30,0,12,8,12,87,46,21,19,13,14,40,36,73,54,44,36,49,25,83,44,104,41,141,47,80,38,81,43,67,38
331,53033031302,Tract 031302,1738,129,86,56,67,52,72,41,89,50,141,70,148,75,61,39,127,67,25,23,227,91,146,89,144,56,149,72,48,37,116,56,92,41
332,53033031400,Tract 031400,2570,162,82,77,118,101,101,61,184,119,41,41,42,44,135,95,169,115,48,44,375,163,232,114,345,163,263,110,131,78,212,105,92,78
333,53033031501,Tract 031501,1467,77,103,85,16,18,50,60,24,26,28,27,72,70,13,19,49,38,54,37,41,33,114,66,215,87,230,105,146,85,139,59,173,60
334,53033031502,Tract 031502,1738,75,41,33,32,30,56,34,109,66,58,49,59,56,86,53,74,39,32,28,161,76,142,59,225,72,160,59,115,44,237,85,151,66
335,53033031601,Tract 031601,1963,60,51,50,29,27,8,13,0,17,29,27,74,44,53,40,29,30,68,52,68,45,115,52,265,89,396,107,165,62,298,76,315,84
336,53033031603,Tract 031603,2196,106,131,118,92,82,70,54,33,31,14,24,86,81,60,52,47,42,72,72,57,52,138,72,238,109,209,66,331,112,323,100,295,93
337,53033031604,Tract 031604,1817,68,17,20,45,55,0,17,60,41,18,20,17,21,55,40,52,50,40,35,72,44,253,87,385,114,281,99,211,74,173,71,138,61
338,53033031605,Tract 031605,1509,116,75,62,9,14,20,25,10,17,11,17,12,19,27,26,25,28,12,18,77,48,187,69,213,85,236,84,135,63,168,79,292,80
339,53033031703,Tract 031703,2492,141,60,49,44,36,55,53,48,64,77,67,89,74,71,49,63,46,87,61,243,122,163,68,352,99,289,112,240,127,156,81,455,121
340,53033031704,Tract 031704,1743,72,28,32,15,15,15,19,12,14,55,42,51,41,56,42,43,36,106,59,33,30,174,60,261,92,217,75,212,71,266,81,199,75
341,53033031705,Tract 031705,1425,74,63,32,0,12,10,16,8,13,13,19,36,48,28,25,31,30,10,17,77,46,123,76,224,90,158,65,182,69,292,98,170,72
342,53033031706,Tract 031706,2724,118,147,122,37,44,18,29,39,41,74,72,92,85,175,125,0,17,53,44,107,73,312,133,500,160,387,176,310,125,225,90,248,120
343,53033031800,Tract 031800,1657,78,27,25,6,9,14,15,64,46,66,46,18,14,23,21,73,50,18,16,73,44,50,31,260,85,228,81,232,81,179,67,326,97
344,53033031903,Tract 031903,2386,107,31,37,26,30,103,82,13,22,56,45,77,66,119,80,53,49,33,34,62,50,216,90,232,94,309,111,297,126,241,117,518,120
345,53033031904,Tract 031904,1316,56,47,43,0,12,20,22,38,32,9,14,18,18,60,44,41,50,55,44,86,44,119,59,168,78,187,79,151,73,182,71,135,69
346,53033031906,Tract 031906,1466,28,90,52,10,17,23,25,11,17,26,28,0,12,27,30,84,70,0,12,73,42,179,74,139,59,239,68,104,50,169,79,292,76
347,53033031907,Tract 031907,2838,114,102,75,37,44,31,31,112,92,39,48,39,49,61,71,99,69,22,26,270,152,257,139,452,153,393,141,260,104,435,149,229,109
348,53033031908,Tract 031908,1910,140,59,36,61,67,104,78,28,31,26,27,99,61,34,33,60,34,114,67,189,90,128,54,266,99,310,119,212,97,145,68,75,48
349,53033031909,Tract 031909,1156,41,7,13,7,11,33,29,31,30,13,15,30,25,22,26,41,37,35,33,67,38,116,49,131,72,188,76,125,56,133,57,177,67
350,53033032002,Tract 032002,1203,55,83,68,10,15,9,14,20,24,32,25,21,23,51,62,23,33,0,12,78,45,101,69,188,78,258,85,138,53,89,56,102,49
351,53033032003,Tract 032003,1990,88,31,26,67,50,20,22,0,17,26,20,21,19,34,30,66,58,50,44,71,55,189,71,273,90,385,123,177,61,233,101,347,94
352,53033032005,Tract 032005,2467,143,0,17,0,17,29,45,37,42,71,109,0,17,86,67,80,61,43,48,256,132,272,113,462,137,527,153,202,93,257,147,145,85
353,53033032006,Tract 032006,2012,41,75,70,19,21,0,17,67,41,61,38,73,59,56,38,84,58,62,44,123,58,140,73,305,76,272,93,184,68,247,92,244,79
354,53033032007,Tract 032007,1264,99,19,22,0,12,6,10,35,31,11,18,10,15,25,26,56,52,22,24,88,46,117,65,230,102,89,47,221,71,129,58,206,73
355,53033032008,Tract 032008,1569,80,0,12,43,31,10,15,71,58,24,25,8,12,34,35,47,56,36,49,59,39,142,60,366,93,194,70,158,63,261,72,116,51
356,53033032010,Tract 032010,2145,113,99,94,71,46,81,84,50,40,16,24,31,38,0,17,16,26,14,23,32,37,101,58,372,136,262,129,273,118,511,143,216,116
357,53033032011,Tract 032011,1450,62,34,27,11,18,8,14,0,12,0,12,34,37,30,26,0,12,7,11,57,44,151,69,235,90,210,86,255,81,228,60,190,76
358,53033032102,Tract 032102,1815,97,120,67,18,22,26,25,49,41,20,22,55,47,15,17,30,22,17,19,65,33,130,73,274,88,187,60,224,77,208,68,377,92
359,53033032103,Tract 032103,2284,128,65,53,75,96,79,76,37,42,106,84,86,63,114,83,9,15,61,49,220,103,200,78,447,140,306,139,151,75,157,76,171,81
360,53033032104,Tract 032104,2471,133,152,76,26,21,117,90,30,34,74,85,0,17,76,66,51,46,31,36,149,80,301,123,223,98,248,106,228,102,438,108,327,97
361,53033032203,Tract 032203,2773,121,63,53,15,24,0,17,18,29,0,17,30,36,114,102,48,37,50,48,0,17,91,62,162,97,488,162,319,156,344,99,1031,160
362,53033032207,Tract 032207,1297,57,7,11,0,12,30,28,8,13,0,12,37,29,38,46,7,11,14,16,37,30,69,39,162,61,98,56,70,44,146,65,574,100
363,53033032208,Tract 032208,4214,213,170,110,77,52,132,88,63,50,83,59,102,56,123,61,152,96,123,61,243,123,263,117,491,148,444,144,371,155,490,150,887,175
364,53033032210,Tract 032210,5530,167,193,121,176,167,24,40,39,63,95,130,96,77,139,97,143,128,76,121,291,182,262,155,776,279,499,196,680,221,695,213,1346,264
365,53033032211,Tract 032211,1750,62,47,31,0,17,26,23,7,12,0,17,0,17,8,13,20,22,34,27,26,23,97,39,271,90,139,52,186,56,376,95,513,94
366,53033032212,Tract 032212,2804,164,41,49,0,17,17,26,13,21,15,24,26,31,73,77,15,25,39,50,49,51,217,104,226,106,311,128,375,141,422,162,965,172
367,53033032213,Tract 032213,1506,58,0,12,0,12,17,25,0,12,0,12,70,39,7,11,0,12,17,18,17,20,32,26,79,41,216,79,222,72,190,61,639,100
368,53033032214,Tract 032214,2056,94,0,17,18,21,10,16,0,17,19,22,0,17,0,17,20,24,21,23,67,41,57,42,106,62,150,58,322,97,476,92,790,121
369,53033032215,Tract 032215,1590,63,64,41,0,17,10,17,23,25,45,35,10,17,0,17,0,17,0,17,11,18,21,23,101,50,78,45,99,49,226,64,902,111
370,53033032307,Tract 032307,2167,123,61,74,32,37,0,17,0,17,0,17,79,82,103,90,65,49,48,74,109,66,63,52,219,78,286,105,194,89,335,99,573,134
371,53033032309,Tract 032309,4152,193,209,98,98,94,75,59,80,87,110,67,96,91,80,80,40,46,34,49,82,59,277,116,477,148,554,136,532,163,751,192,657,168
372,53033032311,Tract 032311,2190,41,0,17,17,26,0,17,0,17,52,48,35,39,52,47,88,94,0,17,70,49,105,66,260,96,384,119,85,60,301,104,741,165
373,53033032313,Tract 032313,2534,125,31,34,47,43,34,38,98,74,24,25,0,17,186,94,48,43,14,22,28,29,208,105,328,120,372,128,264,115,388,167,464,104
374,53033032315,Tract 032315,2042,86,87,63,14,21,16,27,20,22,5,10,5,9,37,29,28,25,21,24,86,51,63,41,222,69,238,90,182,63,321,92,697,115
375,53033032316,Tract 032316,1914,71,46,33,17,19,14,17,14,17,22,21,39,31,0,17,13,18,24,23,118,81,71,35,108,57,136,65,254,83,250,78,788,127
376,53033032317,Tract 032317,2173,87,62,53,28,34,13,20,14,25,12,19,12,19,23,35,11,19,28,35,68,54,116,68,111,68,170,79,255,122,356,119,894,137
377,53033032318,Tract 032318,2150,67,9,14,0,17,19,31,10,16,22,24,9,14,0,17,31,31,15,23,60,47,96,42,115,58,171,64,228,102,462,99,903,112
378,53033032319,Tract 032319,2763,213,127,111,49,46,136,116,75,60,153,120,89,63,0,17,128,107,78,56,191,97,408,159,331,182,357,148,177,110,323,123,141,75
379,53033032320,Tract 032320,1559,58,18,21,15,16,8,13,39,34,0,12,9,14,36,32,29,27,27,25,10,16,61,49,235,84,170,68,108,52,196,60,598,91
380,53033032321,Tract 032321,2005,75,48,33,11,16,7,11,0,17,0,17,20,21,13,19,32,28,20,24,55,38,51,35,82,44,171,61,103,54,315,82,1077,121
381,53033032322,Tract 032322,1195,31,0,12,0,12,0,12,0,12,31,25,10,17,16,20,8,12,20,22,0,12,14,15,138,69,191,67,97,45,184,52,486,101
382,53033032323,Tract 032323,2209,112,51,45,0,17,27,31,13,20,61,43,0,17,33,36,31,36,33,38,101,59,160,71,160,75,225,87,259,120,399,118,656,165
383,53033032324,Tract 032324,2170,112,7,14,70,84,18,29,30,34,89,102,15,24,111,69,32,35,74,76,159,80,162,78,261,105,277,98,194,78,271,106,400,102
384,53033032325,Tract 032325,2241,177,56,46,19,30,102,112,50,44,0,17,75,57,36,40,76,92,26,35,170,112,135,77,281,101,341,89,215,99,251,108,408,103
385,53033032326,Tract 032326,1368,62,41,33,18,19,7,11,45,40,30,37,13,20,40,39,29,26,43,34,50,45,61,41,52,32,112,46,91,49,100,46,636,87
386,53033032327,Tract 032327,2025,85,37,28,10,16,0,12,42,32,93,53,79,45,36,27,51,32,55,45,151,50,154,59,225,57,328,91,117,56,230,81,417,81
387,53033032328,Tract 032328,1116,62,7,11,0,12,8,13,25,27,0,12,45,42,7,12,44,44,28,26,60,43,30,25,85,48,84,44,103,50,138,65,452,85
388,53033032329,Tract 032329,3052,148,70,57,0,17,95,60,84,83,52,49,17,28,19,29,40,46,90,56,0,17,208,94,232,100,257,112,414,137,340,109,1134,164
389,53033032401,Tract 032401,2169,151,50,42,37,45,57,55,16,27,17,29,37,42,74,94,54,48,17,29,173,100,52,49,301,131,272,118,122,84,444,169,446,165
390,53033032402,Tract 032402,2458,145,15,27,68,68,30,35,43,44,16,25,28,34,43,44,15,24,33,35,29,33,184,117,298,116,333,131,168,100,585,150,570,148
391,53033032500,Tract 032500,2002,102,24,18,14,16,37,27,54,32,51,27,57,50,70,40,90,65,64,34,77,44,158,68,223,69,237,94,188,71,227,69,431,90
392,53033032601,Tract 032601,1153,64,9,14,0,12,0,12,8,14,37,32,62,58,27,28,67,58,32,51,64,52,38,45,190,100,161,66,155,71,108,52,195,85
393,53033032602,Tract 032602,4474,215,34,38,0,19,0,19,32,45,19,29,55,51,69,56,19,30,90,92,125,76,173,109,589,162,402,134,607,203,1127,224,1133,181
394,53033032702,Tract 032702,2497,144,14,21,38,62,27,30,40,40,37,36,0,17,72,49,66,63,0,17,22,28,309,128,454,166,374,113,274,118,381,151,389,123
395,53033032703,Tract 032703,871,63,7,10,31,28,0,12,25,25,38,28,26,28,14,21,36,27,27,26,61,42,53,31,115,47,130,54,91,43,110,47,107,40
396,53033032704,Tract 032704,2499,226,204,116,39,37,142,96,59,51,31,35,76,58,104,96,0,17,166,107,87,87,102,61,170,101,337,142,228,82,442,127,312,97
397,53033032800,Tract 032800,983,80,20,15,2,5,15,16,33,23,24,23,35,24,58,36,45,28,15,11,45,25,64,41,164,79,108,43,82,40,106,45,167,53
398,53033990100,Tract 990100,0,12,0,12,0,12,0,12,0,12,0,12,0,12,0,12,0,12,0,12,0,12,0,12,0,12,0,12,0,12,0,12,0,12
